dateIDm,avgTemp,avgHigh,avgLow,avgHumRel,sumPrecipitationHgt,avgDailyPrecipitation,daysRain,avgWindSpd,avgWindChill,avgHighWindchill,avgLowWindchill,percentCloudy,percentSunny
201403,-3.956134259259259,-0.10370370370370363,-7.91388888888889,64.18209876543209,47.199999999999996,0.06064814814814815,7.0,16.98958333333333,-10.406919256503656,-5.764705882352941,-14.34313725490196,0.18981481481481477,0.1712962962962963
201404,5.8876388888888895,10.223888888888888,1.381111111111111,62.151157407407396,139.89999999999998,0.08888888888888888,16.0,15.059953703703703,-4.6492229992229985,-3.1923076923076925,-6.153846153846154,0.2486111111111111,0.14027777777777778
201405,14.26776433691756,18.93387096774193,9.785483870967742,64.72267025089607,112.00000000000001,0.06638616175783076,14.0,14.135304659498209,,,,0.23521505376344085,0.19354838709677416
201406,19.90840277777778,24.34055555555556,15.213333333333331,64.24328703703705,165.1,0.0975877192982456,11.0,12.5625,,,,0.22916666666666666,0.18611111111111114
201407,21.267988351254488,24.99569892473118,17.45483870967742,66.19287634408603,79.74999999999999,0.08198924731182795,15.0,13.216621863799283,,,,0.2459677419354839,0.19892473118279574
201408,20.463239247311826,24.575268817204297,16.15806451612903,68.40479390681003,79.15,0.0900537634408602,11.0,10.0828853046595,,,,0.23924731182795697,0.20161290322580644
201409,16.076435185185186,20.63888888888889,11.555555555555559,71.80254629629628,39.85000000000001,0.06666666666666667,11.0,12.487731481481482,,,,0.22361111111111104,0.225
201410,10.970071684587811,14.164516129032261,7.918279569892473,72.5497311827957,90.64999999999999,0.14381720430107528,17.0,13.608422939068097,,,,0.2688172043010753,0.14516129032258068
201411,3.9985690235690234,6.6866666666666665,1.5288888888888892,63.794865319865295,15.000000000000002,0.07095959595959596,6.0,14.531986531986535,-4.994848231690336,-4.119047619047619,-5.857142857142857,0.2916666666666667,0.15
201503,-3.229861111111111,0.19444444444444464,-7.701851851851853,60.878858024691354,12.3,0.06018518518518518,6.0,14.43479938271605,-9.395364836368298,-5.490196078431373,-13.607843137254902,0.1643518518518518,0.18055555555555555
201504,6.42724537037037,10.71111111111111,2.186111111111111,57.74375,67.09999999999998,0.1111111111111111,16.0,14.293287037037036,-5.258392895819797,-3.314814814814815,-7.148148148148149,0.2027777777777778,0.19722222222222222
201505,16.952777777777783,22.39247311827957,11.464516129032257,56.28494623655913,91.24999999999999,0.09139784946236557,18.0,13.728942652329746,,,,0.24731182795698925,0.21370967741935487
201506,17.764444444444443,22.02222222222222,13.335555555555556,69.33680555555557,130.15,0.1555555555555555,22.0,10.980092592592595,,,,0.2791666666666667,0.15694444444444444
201507,21.564762544802864,25.85645161290322,17.22258064516129,70.50380824372759,107.24999999999997,0.14516129032258068,16.0,11.408602150537634,,,,0.20833333333333326,0.23790322580645162
201508,21.19704301075269,25.23655913978495,17.30860215053763,73.8445340501792,93.99999999999999,0.06586021505376345,15.0,11.252016129032258,,,,0.20026881720430112,0.24865591397849465
201509,18.916064814814817,23.64333333333333,14.387777777777776,72.30625,102.15,0.09722222222222224,9.0,10.823379629629631,,,,0.15555555555555556,0.24166666666666667
201510,8.013552867383511,12.017204301075271,3.8559139784946237,69.71550179211468,94.14999999999999,0.09408602150537634,13.0,12.536514336917563,-3.666203703703704,-2.3333333333333335,-4.62962962962963,0.22983870967741934,0.18413978494623656
201511,7.750277777777779,11.342222222222224,4.268888888888889,76.31435185185187,28.65,0.08888888888888889,8.0,13.462962962962962,-3.75,-2.6666666666666665,-4.666666666666667,0.21111111111111108,0.17777777777777776
201603,1.5391203703703704,5.57962962962963,-1.9777777777777783,69.16280864197532,83.15,0.19444444444444445,12.0,14.213734567901234,-6.754036785654433,-3.6410256410256414,-9.230769230769232,0.18055555555555558,0.1388888888888889
201604,4.242824074074075,8.72111111111111,-0.7211111111111116,53.5837962962963,93.35,0.13333333333333333,12.0,13.366666666666665,-5.9718002015621074,-3.96031746031746,-7.515873015873015,0.13333333333333333,0.27499999999999997
201605,14.795138888888888,19.94462365591398,9.408602150537634,57.88844086021506,31.1,0.05779569892473118,11.0,12.608646953405017,,,,0.23521505376344085,0.23387096774193547
201606,19.39141203703704,23.68,14.673333333333334,62.18749999999999,81.25,0.06666666666666668,10.0,12.45393518518518,,,,0.2305555555555556,0.22499999999999998
201607,21.940860215053764,26.304301075268818,17.40967741935484,67.77464157706092,94.24999999999999,0.059139784946236555,12.0,12.53763440860215,,,,0.22580645161290328,0.2513440860215054
201608,22.5084229390681,26.865591397849467,18.276344086021503,69.15053763440861,145.89999999999998,0.07661290322580644,10.0,13.502688172043008,,,,0.2110215053763441,0.22446236559139782
201609,17.759259259259263,22.543333333333333,12.67888888888889,69.32893518518517,20.95,0.036111111111111115,7.0,10.957407407407402,,,,0.16250000000000003,0.27222222222222225
201610,9.881653225806451,13.438172043010754,6.176344086021506,74.67226702508961,174.40000000000003,0.16666666666666669,14.0,11.934139784946234,-3.2619047619047614,-2.6666666666666665,-3.6666666666666665,0.2002688172043011,0.16801075268817203
201611,6.478703703703704,10.815555555555557,2.2777777777777777,71.80462962962964,12.149999999999997,0.06388888888888888,7.0,12.89212962962963,-3.6539682539682543,-2.5714285714285716,-4.785714285714286,0.28611111111111115,0.16666666666666669
201703,-2.348302469135803,1.038888888888889,-5.735185185185184,68.06018518518518,285.34999999999997,0.19675925925925924,11.0,12.693287037037038,-9.303274944607896,-5.214285714285714,-13.380952380952383,0.1736111111111111,0.1388888888888889
201704,7.8889351851851846,12.035555555555554,3.835555555555556,71.21898148148148,167.94999999999993,0.22916666666666669,21.0,14.143981481481482,-3.1833333333333336,-2.9166666666666665,-3.5,0.22638888888888883,0.14444444444444443
201705,13.234475806451613,17.445161290322577,8.958064516129031,69.27038530465948,114.24999999999997,0.16801075268817203,18.0,13.920698924731182,,,,0.28091397849462363,0.1263440860215054
201706,18.80837962962963,22.81111111111111,14.58888888888889,69.36203703703703,133.25,0.10833333333333335,16.0,13.251388888888892,,,,0.25,0.1680555555555556
201707,20.689336917562724,24.791935483870965,16.709677419354836,71.69601254480285,79.8,0.09408602150537634,15.0,10.767025089605735,,,,0.19623655913978497,0.24327956989247315
201708,19.932392473118277,24.15376344086021,15.608602150537632,69.56608422939068,88.29999999999998,0.07123655913978494,12.0,10.90725806451613,,,,0.21102150537634412,0.24462365591397847
201709,18.29407407407407,23.130555555555553,13.963333333333331,72.60300925925927,47.400000000000006,0.05416666666666666,7.0,10.05625,,,,0.17777777777777776,0.2625
201710,13.368593189964157,17.794086021505368,9.03225806451613,72.3405017921147,115.65,0.10887096774193547,14.0,12.836693548387098,-2.5,-2.0,-3.0,0.20698924731182797,0.20295698924731181
201711,3.119490740740741,6.7377777777777785,-0.9266666666666664,70.72731481481482,54.050000000000004,0.1472222222222222,8.0,11.807407407407403,-5.312028492949546,-2.95,-7.35,0.35000000000000003,0.08888888888888888
201803,-1.2300154320987653,2.3759259259259258,-4.958333333333333,60.834876543209866,27.599999999999998,0.13425925925925924,6.0,13.157407407407407,-8.31416363324718,-5.111111111111111,-11.5,0.19212962962962965,0.18287037037037035
201804,3.974398148148148,7.607777777777779,0.1822222222222219,63.89421296296296,116.35000000000001,0.18194444444444446,16.0,14.675462962962964,-6.150012841189312,-4.03921568627451,-8.411764705882353,0.24444444444444452,0.10555555555555557
201805,15.63953853046595,21.011827956989254,9.978494623655914,55.966621863799276,57.15,0.07795698924731183,12.0,13.12612007168459,,,,0.20564516129032262,0.23655913978494622
201806,18.841944444444444,23.49333333333333,14.05,62.327314814814805,95.05,0.11388888888888889,13.0,12.32592592592593,,,,0.2305555555555556,0.20555555555555557
201807,24.402195340501795,29.195698924731182,19.288172043010753,60.43817204301076,67.4,0.04838709677419355,9.0,11.705421146953409,,,,0.20295698924731184,0.26075268817204295
201808,22.744847670250895,27.158064516129034,18.59462365591398,71.27822580645162,49.75,0.07526881720430108,18.0,10.666666666666666,,,,0.2647849462365592,0.2043010752688172
201809,17.43518518518518,21.84111111111111,13.097777777777775,73.00925925925927,101.0,0.08888888888888888,16.0,10.922685185185186,,,,0.24305555555555555,0.2111111111111111
201810,6.965770609318998,10.101075268817207,3.7096774193548385,73.57056451612901,89.14999999999999,0.1397849462365591,20.0,13.567876344086022,-3.9646520146520148,-3.0,-5.119047619047619,0.3077956989247312,0.10483870967741936
201811,1.9821296296296296,4.173333333333333,-0.6666666666666669,75.23287037037038,66.45,0.18333333333333332,8.0,15.03194444444445,-6.704231643924626,-4.796296296296296,-9.0,0.2638888888888889,0.125
201903,0.31435185185185166,3.3314814814814824,-2.9462962962962957,64.00308641975309,46.0,0.14351851851851852,10.0,15.27006172839506,-6.565974501688787,-4.333333333333334,-8.904761904761905,0.19444444444444445,0.17592592592592593
201904,5.394444444444444,9.156666666666666,1.7077777777777778,66.24537037037037,126.85,0.18472222222222223,19.0,15.189351851851852,-5.734276010679754,-4.181818181818182,-6.8939393939393945,0.24722222222222226,0.14027777777777783
201905,12.099843189964156,16.15376344086021,7.973118279569895,65.41644265232976,101.84999999999998,0.12231182795698922,21.0,12.157258064516126,-5.0,-5.0,-5.0,0.3010752688172042,0.1021505376344086
201906,18.56263888888889,23.15222222222222,13.755555555555555,61.416666666666664,110.14999999999999,0.0763888888888889,10.0,11.68287037037037,,,,0.23194444444444443,0.20972222222222225
201907,23.64016577060932,28.274193548387093,18.692473118279572,63.5777329749104,56.75,0.03225806451612903,10.0,11.214157706093191,,,,0.1935483870967742,0.2594086021505376
201908,20.846236559139783,25.241935483870964,16.28172043010753,64.84856630824372,55.7,0.06451612903225808,13.0,10.969534050179211,,,,0.17338709677419356,0.2594086021505377
201909,15.875370370370375,20.16777777777778,11.473333333333331,72.1425925925926,101.55000000000003,0.1111111111111111,17.0,10.728703703703705,,,,0.2222222222222222,0.2041666666666667
201910,9.875156810035842,13.893548387096772,5.944086021505377,75.36895161290323,262.75,0.16129032258064518,18.0,11.174955197132615,-2.5,-2.0,-3.0,0.22849462365591394,0.14381720430107525
201911,0.09759259259259258,2.9044444444444437,-3.1244444444444444,70.22685185185183,30.500000000000004,0.16666666666666663,9.0,15.838888888888887,-8.46316919191919,-5.333333333333333,-11.733333333333334,0.2527777777777778,0.05833333333333333
202003,1.480941358024691,5.262962962962963,-2.1722222222222225,63.82793209876544,77.25,0.1643518518518519,12.0,14.028549382716045,-6.142512932973459,-3.730769230769231,-8.743589743589745,0.21759259259259256,0.1736111111111111
202004,5.322453703703704,9.24888888888889,1.0200000000000002,55.03240740740741,74.90000000000002,0.11944444444444444,18.0,19.13333333333333,-4.977021329365079,-3.40625,-6.375,0.2416666666666667,0.19722222222222222
202005,13.75625,18.437634408602147,8.570967741935485,49.63306451612904,28.35,0.04032258064516129,10.0,17.137096774193544,-3.25,-3.0,-3.5,0.25000000000000006,0.19354838709677416
202006,20.25535829307568,25.257777777777772,14.91777777777778,59.41851851851853,27.200000000000003,0.04722222222222223,11.0,12.750925925925923,,,,0.20555555555555557,0.23194444444444443
202007,24.11832437275985,28.71612903225806,19.47956989247312,66.0241935483871,104.10000000000002,0.06720430107526883,12.0,11.521505376344088,,,,0.23521505376344085,0.21236559139784947
202008,20.545026881720425,24.621505376344086,16.50860215053763,72.03001792114694,208.79999999999998,0.11827956989247311,15.0,10.612455197132615,,,,0.18145161290322578,0.2594086021505377
202009,15.18053240740741,19.455555555555545,10.737777777777778,71.0599537037037,93.45000000000002,0.06805555555555556,13.0,11.441666666666663,,,,0.2527777777777778,0.18055555555555555
202010,8.925985663082434,12.644086021505375,5.077419354838709,71.95116487455196,115.44999999999999,0.13440860215053763,16.0,11.920698924731187,-4.895446950710109,-3.1666666666666665,-6.361111111111112,0.2674731182795699,0.13709677419354838
202011,8.072037037037038,12.457777777777777,3.5911111111111107,68.11111111111111,13.75,0.058333333333333334,7.0,13.56851851851852,-4.258541921041921,-2.6190476190476195,-5.642857142857143,0.2138888888888889,0.22222222222222218
